video_id,video_title,stopword,tokens,published_at_wib,year_wib,month_wib,day_wib,hour_wib
ufwB9Uja_wM,Hearts2Hearts 하츠투하츠 'Pretty Please' MV,i love the way you are girls,"['i', 'love', 'the', 'way', 'you', 'are', 'girls']",2025-09-25 14:43:43+07:00,2025,9,25,14
ufwB9Uja_wM,Hearts2Hearts 하츠투하츠 'Pretty Please' MV,so pretty so perfect thank u hh for this vibe,"['so', 'pretty', 'so', 'perfect', 'thank', 'u', 'hh', 'for', 'this', 'vibe']",2025-09-25 14:42:57+07:00,2025,9,25,14
ufwB9Uja_wM,Hearts2Hearts 하츠투하츠 'Pretty Please' MV,suka banget lagu sedih haru gitu,"['suka', 'banget', 'lagu', 'sedih', 'haru', 'gitu']",2025-09-25 14:42:41+07:00,2025,9,25,14
ufwB9Uja_wM,Hearts2Hearts 하츠투하츠 'Pretty Please' MV,carmen,['carmen'],2025-09-25 14:41:22+07:00,2025,9,25,14
ufwB9Uja_wM,Hearts2Hearts 하츠투하츠 'Pretty Please' MV,mulai suara yuha benar benar merdu lagu kpop generasi,"['mulai', 'suara', 'yuha', 'benar', 'benar', 'merdu', 'lagu', 'kpop', 'generasi']",2025-09-25 14:40:55+07:00,2025,9,25,14
ufwB9Uja_wM,Hearts2Hearts 하츠투하츠 'Pretty Please' MV,omg they sound like their elder sisters girls generation so beautiful into the new world vibes but in new gen amazing thank u to give me the gold age of kpop back,"['omg', 'they', 'sound', 'like', 'their', 'elder', 'sisters', 'girls', 'generation', 'so', 'beautiful', 'into', 'the', 'new', 'world', 'vibes', 'but', 'in', 'new', 'gen', 'amazing', 'thank', 'u', 'to', 'give', 'me', 'the', 'gold', 'age', 'of', 'kpop', 'back']",2025-09-25 14:40:23+07:00,2025,9,25,14
ufwB9Uja_wM,Hearts2Hearts 하츠투하츠 'Pretty Please' MV,aduhh vws nyaa nge stuck,"['aduhh', 'vws', 'nyaa', 'nge', 'stuck']",2025-09-25 14:39:23+07:00,2025,9,25,14
ufwB9Uja_wM,Hearts2Hearts 하츠투하츠 'Pretty Please' MV,dedekdedek akohlagunya gemes banget suka,"['dedekdedek', 'akohlagunya', 'gemes', 'banget', 'suka']",2025-09-25 14:39:19+07:00,2025,9,25,14
ufwB9Uja_wM,Hearts2Hearts 하츠투하츠 'Pretty Please' MV,heartshearts pretty please,"['heartshearts', 'pretty', 'please']",2025-09-25 14:38:08+07:00,2025,9,25,14
ufwB9Uja_wM,Hearts2Hearts 하츠투하츠 'Pretty Please' MV,sama ses sama,"['sama', 'ses', 'sama']",2025-09-25 14:38:06+07:00,2025,9,25,14
ufwB9Uja_wM,Hearts2Hearts 하츠투하츠 'Pretty Please' MV,mys coming for support hh pretty pretty please,"['mys', 'coming', 'for', 'support', 'hh', 'pretty', 'pretty', 'please']",2025-09-25 14:37:39+07:00,2025,9,25,14
ufwB9Uja_wM,Hearts2Hearts 하츠투하츠 'Pretty Please' MV,amazing all of them are pretty pleasee,"['amazing', 'all', 'of', 'them', 'are', 'pretty', 'pleasee']",2025-09-25 14:37:24+07:00,2025,9,25,14
ufwB9Uja_wM,Hearts2Hearts 하츠투하츠 'Pretty Please' MV,can we get k like and m for hours,"['can', 'we', 'get', 'k', 'like', 'and', 'm', 'for', 'hours']",2025-09-25 14:37:21+07:00,2025,9,25,14
ufwB9Uja_wM,Hearts2Hearts 하츠투하츠 'Pretty Please' MV,happy m hh pretty please,"['happy', 'm', 'hh', 'pretty', 'please']",2025-09-25 14:37:09+07:00,2025,9,25,14
ufwB9Uja_wM,Hearts2Hearts 하츠투하츠 'Pretty Please' MV,ah suka sekali,"['ah', 'suka', 'sekali']",2025-09-25 14:37:07+07:00,2025,9,25,14
ufwB9Uja_wM,Hearts2Hearts 하츠투하츠 'Pretty Please' MV,k likes hh pretty please,"['k', 'likes', 'hh', 'pretty', 'please']",2025-09-25 14:36:53+07:00,2025,9,25,14
ufwB9Uja_wM,Hearts2Hearts 하츠투하츠 'Pretty Please' MV,m k hh pretty please,"['m', 'k', 'hh', 'pretty', 'please']",2025-09-25 14:36:23+07:00,2025,9,25,14
ufwB9Uja_wM,Hearts2Hearts 하츠투하츠 'Pretty Please' MV,lets go m,"['lets', 'go', 'm']",2025-09-25 14:36:03+07:00,2025,9,25,14
ufwB9Uja_wM,Hearts2Hearts 하츠투하츠 'Pretty Please' MV,sukses,['sukses'],2025-09-25 14:35:43+07:00,2025,9,25,14
ufwB9Uja_wM,Hearts2Hearts 하츠투하츠 'Pretty Please' MV,lagu easy listening,"['lagu', 'easy', 'listening']",2025-09-25 14:35:43+07:00,2025,9,25,14
ufwB9Uja_wM,Hearts2Hearts 하츠투하츠 'Pretty Please' MV,high note carmenn kerenn bgt,"['high', 'note', 'carmenn', 'kerenn', 'bgt']",2025-09-25 14:35:19+07:00,2025,9,25,14
ufwB9Uja_wM,Hearts2Hearts 하츠투하츠 'Pretty Please' MV,hatuha fighting,"['hatuha', 'fighting']",2025-09-25 14:33:45+07:00,2025,9,25,14
ufwB9Uja_wM,Hearts2Hearts 하츠투하츠 'Pretty Please' MV,snsd,['snsd'],2025-09-25 14:33:40+07:00,2025,9,25,14
ufwB9Uja_wM,Hearts2Hearts 하츠투하츠 'Pretty Please' MV,is this a pokemon collab,"['is', 'this', 'a', 'pokemon', 'collab']",2025-09-25 14:33:40+07:00,2025,9,25,14
ufwB9Uja_wM,Hearts2Hearts 하츠투하츠 'Pretty Please' MV,iklan pokemon,"['iklan', 'pokemon']",2025-09-25 14:33:33+07:00,2025,9,25,14
ufwB9Uja_wM,Hearts2Hearts 하츠투하츠 'Pretty Please' MV,wow,['wow'],2025-09-25 14:33:21+07:00,2025,9,25,14
ufwB9Uja_wM,Hearts2Hearts 하츠투하츠 'Pretty Please' MV,gua play terus terus pagi sampe sekarang,"['gua', 'play', 'terus', 'terus', 'pagi', 'sampe', 'sekarang']",2025-09-25 14:33:13+07:00,2025,9,25,14
ufwB9Uja_wM,Hearts2Hearts 하츠투하츠 'Pretty Please' MV,man thanks to hh giving snsd vibes,"['man', 'thanks', 'to', 'hh', 'giving', 'snsd', 'vibes']",2025-09-25 14:33:05+07:00,2025,9,25,14
ufwB9Uja_wM,Hearts2Hearts 하츠투하츠 'Pretty Please' MV,m lets go,"['m', 'lets', 'go']",2025-09-25 14:33:01+07:00,2025,9,25,14
ufwB9Uja_wM,Hearts2Hearts 하츠투하츠 'Pretty Please' MV,jangan kendor keep streaming hatchu,"['jangan', 'kendor', 'keep', 'streaming', 'hatchu']",2025-09-25 14:32:57+07:00,2025,9,25,14
ufwB9Uja_wM,Hearts2Hearts 하츠투하츠 'Pretty Please' MV,m kajja,"['m', 'kajja']",2025-09-25 14:32:41+07:00,2025,9,25,14
ufwB9Uja_wM,Hearts2Hearts 하츠투하츠 'Pretty Please' MV,this makes me addicted to listening to it,"['this', 'makes', 'me', 'addicted', 'to', 'listening', 'to', 'it']",2025-09-25 14:32:08+07:00,2025,9,25,14
ufwB9Uja_wM,Hearts2Hearts 하츠투하츠 'Pretty Please' MV,like share,"['like', 'share']",2025-09-25 14:31:49+07:00,2025,9,25,14
ufwB9Uja_wM,Hearts2Hearts 하츠투하츠 'Pretty Please' MV,why does carmen have so little screen time,"['why', 'does', 'carmen', 'have', 'so', 'little', 'screen', 'time']",2025-09-25 14:31:27+07:00,2025,9,25,14
ufwB9Uja_wM,Hearts2Hearts 하츠투하츠 'Pretty Please' MV,jangan tanyain pliskaya tau sama kita suruh banyak bacott sama karna carmen jadi diam udah,"['jangan', 'tanyain', 'pliskaya', 'tau', 'sama', 'kita', 'suruh', 'banyak', 'bacott', 'sama', 'karna', 'carmen', 'jadi', 'diam', 'udah']",2025-09-25 14:34:27+07:00,2025,9,25,14
ufwB9Uja_wM,Hearts2Hearts 하츠투하츠 'Pretty Please' MV,screen time nya mang dikit scene nya lebih bagus scene member turut gue no sarkas gpp jangan banyak protes sadar diri member asing jadi jangan harap lebih sama,"['screen', 'time', 'nya', 'mang', 'dikit', 'scene', 'nya', 'lebih', 'bagus', 'scene', 'member', 'turut', 'gue', 'no', 'sarkas', 'gpp', 'jangan', 'banyak', 'protes', 'sadar', 'diri', 'member', 'asing', 'jadi', 'jangan', 'harap', 'lebih', 'sama']",2025-09-25 14:36:35+07:00,2025,9,25,14
ufwB9Uja_wM,Hearts2Hearts 하츠투하츠 'Pretty Please' MV,gak scene ianmon yak,"['gak', 'scene', 'ianmon', 'yak']",2025-09-25 14:31:10+07:00,2025,9,25,14
ufwB9Uja_wM,Hearts2Hearts 하츠투하츠 'Pretty Please' MV,hh fighting,"['hh', 'fighting']",2025-09-25 14:30:51+07:00,2025,9,25,14
ufwB9Uja_wM,Hearts2Hearts 하츠투하츠 'Pretty Please' MV,itungannya hour k brarti gelo kerasinn su,"['itungannya', 'hour', 'k', 'brarti', 'gelo', 'kerasinn', 'su']",2025-09-25 14:30:05+07:00,2025,9,25,14
ufwB9Uja_wM,Hearts2Hearts 하츠투하츠 'Pretty Please' MV,suara yeon enak bgt pls,"['suara', 'yeon', 'enak', 'bgt', 'pls']",2025-09-25 14:30:04+07:00,2025,9,25,14
ufwB9Uja_wM,Hearts2Hearts 하츠투하츠 'Pretty Please' MV,pretty,['pretty'],2025-09-25 14:29:59+07:00,2025,9,25,14
ufwB9Uja_wM,Hearts2Hearts 하츠투하츠 'Pretty Please' MV,pikachu,['pikachu'],2025-09-25 14:29:55+07:00,2025,9,25,14
ufwB9Uja_wM,Hearts2Hearts 하츠투하츠 'Pretty Please' MV,lagu b side dpt view gin udah bagus sih,"['lagu', 'b', 'side', 'dpt', 'view', 'gin', 'udah', 'bagus', 'sih']",2025-09-25 14:29:21+07:00,2025,9,25,14
ufwB9Uja_wM,Hearts2Hearts 하츠투하츠 'Pretty Please' MV,boring,['boring'],2025-09-25 14:27:56+07:00,2025,9,25,14
ufwB9Uja_wM,Hearts2Hearts 하츠투하츠 'Pretty Please' MV,makin kesini makin suka lagu fighting hh,"['makin', 'kesini', 'makin', 'suka', 'lagu', 'fighting', 'hh']",2025-09-25 14:27:21+07:00,2025,9,25,14
ufwB9Uja_wM,Hearts2Hearts 하츠투하츠 'Pretty Please' MV,cakep bgt vidionya aesthetic kece ngenz bgt keren kerenn auto hapal ni lirik,"['cakep', 'bgt', 'vidionya', 'aesthetic', 'kece', 'ngenz', 'bgt', 'keren', 'kerenn', 'auto', 'hapal', 'ni', 'lirik']",2025-09-25 14:26:12+07:00,2025,9,25,14
ufwB9Uja_wM,Hearts2Hearts 하츠투하츠 'Pretty Please' MV,jangan pake emoji guys komen susah naik,"['jangan', 'pake', 'emoji', 'guys', 'komen', 'susah', 'naik']",2025-09-25 14:25:52+07:00,2025,9,25,14
ufwB9Uja_wM,Hearts2Hearts 하츠투하츠 'Pretty Please' MV,pleasee yah,"['pleasee', 'yah']",2025-09-25 14:25:34+07:00,2025,9,25,14
ufwB9Uja_wM,Hearts2Hearts 하츠투하츠 'Pretty Please' MV,the first part sounds like ses chorus reffrain snsd rap is so hot bring back to old era of sama songs,"['the', 'first', 'part', 'sounds', 'like', 'ses', 'chorus', 'reffrain', 'snsd', 'rap', 'is', 'so', 'hot', 'bring', 'back', 'to', 'old', 'era', 'of', 'sama', 'songs']",2025-09-25 14:25:08+07:00,2025,9,25,14
ufwB9Uja_wM,Hearts2Hearts 하츠투하츠 'Pretty Please' MV,genre sama,"['genre', 'sama']",2025-09-25 14:24:30+07:00,2025,9,25,14
ufwB9Uja_wM,Hearts2Hearts 하츠투하츠 'Pretty Please' MV,really really girls generation style the intro gee and verse into the new world and rap hope from kwangya style and collaboration with pokemon is just amazing,"['really', 'really', 'girls', 'generation', 'style', 'the', 'intro', 'gee', 'and', 'verse', 'into', 'the', 'new', 'world', 'and', 'rap', 'hope', 'from', 'kwangya', 'style', 'and', 'collaboration', 'with', 'pokemon', 'is', 'just', 'amazing']",2025-09-25 14:24:24+07:00,2025,9,25,14
ufwB9Uja_wM,Hearts2Hearts 하츠투하츠 'Pretty Please' MV,ses snsd fx rvaespa hh,"['ses', 'snsd', 'fx', 'rvaespa', 'hh']",2025-09-25 14:21:15+07:00,2025,9,25,14
ufwB9Uja_wM,Hearts2Hearts 하츠투하츠 'Pretty Please' MV,pls im stuck here gimane nih susah keluar candu bgt woi pre pretty please on me pre pretty please on you,"['pls', 'im', 'stuck', 'here', 'gimane', 'nih', 'susah', 'keluar', 'candu', 'bgt', 'woi', 'pre', 'pretty', 'please', 'on', 'me', 'pre', 'pretty', 'please', 'on', 'you']",2025-09-25 14:20:46+07:00,2025,9,25,14
ufwB9Uja_wM,Hearts2Hearts 하츠투하츠 'Pretty Please' MV,love hatuhaa,"['love', 'hatuhaa']",2025-09-25 14:20:14+07:00,2025,9,25,14
ufwB9Uja_wM,Hearts2Hearts 하츠투하츠 'Pretty Please' MV,sungguh lagu ingat ku lagu lawas alun suara kalian indah,"['sungguh', 'lagu', 'ingat', 'ku', 'lagu', 'lawas', 'alun', 'suara', 'kalian', 'indah']",2025-09-25 14:19:51+07:00,2025,9,25,14
ufwB9Uja_wM,Hearts2Hearts 하츠투하츠 'Pretty Please' MV,gw doang nih nge rasa vibes nya bikin nostalgia,"['gw', 'doang', 'nih', 'nge', 'rasa', 'vibes', 'nya', 'bikin', 'nostalgia']",2025-09-25 14:19:33+07:00,2025,9,25,14
ufwB9Uja_wM,Hearts2Hearts 하츠투하츠 'Pretty Please' MV,heartshearts,['heartshearts'],2025-09-25 14:19:18+07:00,2025,9,25,14
ufwB9Uja_wM,Hearts2Hearts 하츠투하츠 'Pretty Please' MV,yok yok jam,"['yok', 'yok', 'jam']",2025-09-25 14:19:03+07:00,2025,9,25,14
ufwB9Uja_wM,Hearts2Hearts 하츠투하츠 'Pretty Please' MV,gas bantu share temen keluarga meski bukan kpopers,"['gas', 'bantu', 'share', 'temen', 'keluarga', 'meski', 'bukan', 'kpopers']",2025-09-25 14:29:18+07:00,2025,9,25,14
ufwB9Uja_wM,Hearts2Hearts 하츠투하츠 'Pretty Please' MV,carmen beatiful,"['carmen', 'beatiful']",2025-09-25 14:18:24+07:00,2025,9,25,14
ufwB9Uja_wM,Hearts2Hearts 하츠투하츠 'Pretty Please' MV,eina keren bgt kamu ngerappnya darling,"['eina', 'keren', 'bgt', 'kamu', 'ngerappnya', 'darling']",2025-09-25 14:16:32+07:00,2025,9,25,14
ufwB9Uja_wM,Hearts2Hearts 하츠투하츠 'Pretty Please' MV,adlibs carmen is always gg,"['adlibs', 'carmen', 'is', 'always', 'gg']",2025-09-25 14:16:15+07:00,2025,9,25,14
ufwB9Uja_wM,Hearts2Hearts 하츠투하츠 'Pretty Please' MV,lets reach k likes and mil views first guys,"['lets', 'reach', 'k', 'likes', 'and', 'mil', 'views', 'first', 'guys']",2025-09-25 14:15:59+07:00,2025,9,25,14
ufwB9Uja_wM,Hearts2Hearts 하츠투하츠 'Pretty Please' MV,pretty please,"['pretty', 'please']",2025-09-25 14:15:53+07:00,2025,9,25,14
ufwB9Uja_wM,Hearts2Hearts 하츠투하츠 'Pretty Please' MV,carnen i lov u,"['carnen', 'i', 'lov', 'u']",2025-09-25 14:15:25+07:00,2025,9,25,14
ufwB9Uja_wM,Hearts2Hearts 하츠투하츠 'Pretty Please' MV,suka ih lagu sama banget ngingetin lagu ses,"['suka', 'ih', 'lagu', 'sama', 'banget', 'ngingetin', 'lagu', 'ses']",2025-09-25 14:15:04+07:00,2025,9,25,14
ufwB9Uja_wM,Hearts2Hearts 하츠투하츠 'Pretty Please' MV,am loving you,"['am', 'loving', 'you']",2025-09-25 14:13:26+07:00,2025,9,25,14
ufwB9Uja_wM,Hearts2Hearts 하츠투하츠 'Pretty Please' MV,one member stand behind for more than sc seriously member blocking issue still remain,"['one', 'member', 'stand', 'behind', 'for', 'more', 'than', 'sc', 'seriously', 'member', 'blocking', 'issue', 'still', 'remain']",2025-09-25 14:11:58+07:00,2025,9,25,14
ufwB9Uja_wM,Hearts2Hearts 하츠투하츠 'Pretty Please' MV,heartshearts collab with pokemon it is not in my bingo cards,"['heartshearts', 'collab', 'with', 'pokemon', 'it', 'is', 'not', 'in', 'my', 'bingo', 'cards']",2025-09-25 14:10:35+07:00,2025,9,25,14
ufwB9Uja_wM,Hearts2Hearts 하츠투하츠 'Pretty Please' MV,segerr banget mv nyaa,"['segerr', 'banget', 'mv', 'nyaa']",2025-09-25 14:10:30+07:00,2025,9,25,14
ufwB9Uja_wM,Hearts2Hearts 하츠투하츠 'Pretty Please' MV,hh,['hh'],2025-09-25 14:10:13+07:00,2025,9,25,14
ufwB9Uja_wM,Hearts2Hearts 하츠투하츠 'Pretty Please' MV,stop ngira gua pacar carmen,"['stop', 'ngira', 'gua', 'pacar', 'carmen']",2025-09-25 14:09:55+07:00,2025,9,25,14
ufwB9Uja_wM,Hearts2Hearts 하츠투하츠 'Pretty Please' MV,kak bangun ih,"['kak', 'bangun', 'ih']",2025-09-25 14:23:47+07:00,2025,9,25,14
ufwB9Uja_wM,Hearts2Hearts 하츠투하츠 'Pretty Please' MV,kak ayo minum dulu obat ih,"['kak', 'ayo', 'minum', 'dulu', 'obat', 'ih']",2025-09-25 14:30:31+07:00,2025,9,25,14
ufwB9Uja_wM,Hearts2Hearts 하츠투하츠 'Pretty Please' MV,omg pokemon carmen as jinx,"['omg', 'pokemon', 'carmen', 'as', 'jinx']",2025-09-25 14:09:15+07:00,2025,9,25,14
ufwB9Uja_wM,Hearts2Hearts 하츠투하츠 'Pretty Please' MV,song pretty like pretty hh member,"['song', 'pretty', 'like', 'pretty', 'hh', 'member']",2025-09-25 14:09:11+07:00,2025,9,25,14
ufwB9Uja_wM,Hearts2Hearts 하츠투하츠 'Pretty Please' MV,welcome back apink,"['welcome', 'back', 'apink']",2025-09-25 14:08:52+07:00,2025,9,25,14
ufwB9Uja_wM,Hearts2Hearts 하츠투하츠 'Pretty Please' MV,riff and runs nya carmen selalu enak,"['riff', 'and', 'runs', 'nya', 'carmen', 'selalu', 'enak']",2025-09-25 14:08:35+07:00,2025,9,25,14
ufwB9Uja_wM,Hearts2Hearts 하츠투하츠 'Pretty Please' MV,lets go m guys,"['lets', 'go', 'm', 'guys']",2025-09-25 14:08:03+07:00,2025,9,25,14
ufwB9Uja_wM,Hearts2Hearts 하츠투하츠 'Pretty Please' MV,giving sess vibe no,"['giving', 'sess', 'vibe', 'no']",2025-09-25 14:07:44+07:00,2025,9,25,14
ufwB9Uja_wM,Hearts2Hearts 하츠투하츠 'Pretty Please' MV,carmen keren banget solo di hightnote wow,"['carmen', 'keren', 'banget', 'solo', 'di', 'hightnote', 'wow']",2025-09-25 14:07:16+07:00,2025,9,25,14
ufwB9Uja_wM,Hearts2Hearts 하츠투하츠 'Pretty Please' MV,jiwoo,['jiwoo'],2025-09-25 14:06:37+07:00,2025,9,25,14
ufwB9Uja_wM,Hearts2Hearts 하츠투하츠 'Pretty Please' MV,a bagus banget,"['a', 'bagus', 'banget']",2025-09-25 14:06:16+07:00,2025,9,25,14
ufwB9Uja_wM,Hearts2Hearts 하츠투하츠 'Pretty Please' MV,obsesi rap juun ana candu,"['obsesi', 'rap', 'juun', 'ana', 'candu']",2025-09-25 14:06:05+07:00,2025,9,25,14
ufwB9Uja_wM,Hearts2Hearts 하츠투하츠 'Pretty Please' MV,nice song i love it,"['nice', 'song', 'i', 'love', 'it']",2025-09-25 14:04:43+07:00,2025,9,25,14
ufwB9Uja_wM,Hearts2Hearts 하츠투하츠 'Pretty Please' MV,hermosa cancin,"['hermosa', 'cancin']",2025-09-25 14:04:20+07:00,2025,9,25,14
ufwB9Uja_wM,Hearts2Hearts 하츠투하츠 'Pretty Please' MV,got addicted,"['got', 'addicted']",2025-09-25 14:04:12+07:00,2025,9,25,14
ufwB9Uja_wM,Hearts2Hearts 하츠투하츠 'Pretty Please' MV,k like lg yok k,"['k', 'like', 'lg', 'yok', 'k']",2025-09-25 14:03:24+07:00,2025,9,25,14
ufwB9Uja_wM,Hearts2Hearts 하츠투하츠 'Pretty Please' MV,su can we get vws today,"['su', 'can', 'we', 'get', 'vws', 'today']",2025-09-25 14:02:57+07:00,2025,9,25,14
ufwB9Uja_wM,Hearts2Hearts 하츠투하츠 'Pretty Please' MV,emang semua visual bgt,"['emang', 'semua', 'visual', 'bgt']",2025-09-25 14:01:46+07:00,2025,9,25,14
ufwB9Uja_wM,Hearts2Hearts 하츠투하츠 'Pretty Please' MV,fresh bgt lewat harihari suram,"['fresh', 'bgt', 'lewat', 'harihari', 'suram']",2025-09-25 14:01:32+07:00,2025,9,25,14
ufwB9Uja_wM,Hearts2Hearts 하츠투하츠 'Pretty Please' MV,saya mau henti streaming,"['saya', 'mau', 'henti', 'streaming']",2025-09-25 14:00:57+07:00,2025,9,25,14
ufwB9Uja_wM,Hearts2Hearts 하츠투하츠 'Pretty Please' MV,sesuai janji carmen comeback,"['sesuai', 'janji', 'carmen', 'comeback']",2025-09-25 14:00:36+07:00,2025,9,25,14
ufwB9Uja_wM,Hearts2Hearts 하츠투하츠 'Pretty Please' MV,masterpiece,['masterpiece'],2025-09-25 13:59:12+07:00,2025,9,25,13
ufwB9Uja_wM,Hearts2Hearts 하츠투하츠 'Pretty Please' MV,lagu ny bagus mv ny bagus semua satu view ny knapa dikit hemm pdahal sama loh,"['lagu', 'ny', 'bagus', 'mv', 'ny', 'bagus', 'semua', 'satu', 'view', 'ny', 'knapa', 'dikit', 'hemm', 'pdahal', 'sama', 'loh']",2025-09-25 13:58:57+07:00,2025,9,25,13
ufwB9Uja_wM,Hearts2Hearts 하츠투하츠 'Pretty Please' MV,lah view bas juta hari pake ads sama pelit gapernah mau pake ads dirty work pas collabs sama apple sama style hari pake dibayarin fans,"['lah', 'view', 'bas', 'juta', 'hari', 'pake', 'ads', 'sama', 'pelit', 'gapernah', 'mau', 'pake', 'ads', 'dirty', 'work', 'pas', 'collabs', 'sama', 'apple', 'sama', 'style', 'hari', 'pake', 'dibayarin', 'fans']",2025-09-25 14:04:48+07:00,2025,9,25,14
ufwB9Uja_wM,Hearts2Hearts 하츠투하츠 'Pretty Please' MV,terus gimana hari juta gitu wkwkwk hh grup baru netas fandomnya blom juta juta nikmat proses tiap hari,"['terus', 'gimana', 'hari', 'juta', 'gitu', 'wkwkwk', 'hh', 'grup', 'baru', 'netas', 'fandomnya', 'blom', 'juta', 'juta', 'nikmat', 'proses', 'tiap', 'hari']",2025-09-25 14:13:05+07:00,2025,9,25,14
ufwB9Uja_wM,Hearts2Hearts 하츠투하츠 'Pretty Please' MV,halimahtusadiahgak ads kk wktu aespa collab iphone real organik sama mah gak pernah pasang ads ada dri fandom,"['halimahtusadiahgak', 'ads', 'kk', 'wktu', 'aespa', 'collab', 'iphone', 'real', 'organik', 'sama', 'mah', 'gak', 'pernah', 'pasang', 'ads', 'ada', 'dri', 'fandom']",2025-09-25 14:23:39+07:00,2025,9,25,14
ufwB9Uja_wM,Hearts2Hearts 하츠투하츠 'Pretty Please' MV,carmen kan hight note kok sorot,"['carmen', 'kan', 'hight', 'note', 'kok', 'sorot']",2025-09-25 13:58:55+07:00,2025,9,25,13
s3pDMUWlA6I,Marvel’s Wolverine - Gameplay Trailer | PS5 Games,a hulk or venom boss battle would be glory idgaf if its a side mission,"['a', 'hulk', 'or', 'venom', 'boss', 'battle', 'would', 'be', 'glory', 'idgaf', 'if', 'its', 'a', 'side', 'mission']",2025-09-25 14:43:36+07:00,2025,9,25,14
s3pDMUWlA6I,Marvel’s Wolverine - Gameplay Trailer | PS5 Games,spartacus season actor,"['spartacus', 'season', 'actor']",2025-09-25 14:42:41+07:00,2025,9,25,14
s3pDMUWlA6I,Marvel’s Wolverine - Gameplay Trailer | PS5 Games,berserker rage,"['berserker', 'rage']",2025-09-25 14:42:40+07:00,2025,9,25,14
s3pDMUWlA6I,Marvel’s Wolverine - Gameplay Trailer | PS5 Games,yeah,['yeah'],2025-09-25 14:42:33+07:00,2025,9,25,14
s3pDMUWlA6I,Marvel’s Wolverine - Gameplay Trailer | PS5 Games,sounds like spartacus,"['sounds', 'like', 'spartacus']",2025-09-25 14:41:55+07:00,2025,9,25,14
s3pDMUWlA6I,Marvel’s Wolverine - Gameplay Trailer | PS5 Games,insomniac just give us a daredevil game already,"['insomniac', 'just', 'give', 'us', 'a', 'daredevil', 'game', 'already']",2025-09-25 14:41:49+07:00,2025,9,25,14
s3pDMUWlA6I,Marvel’s Wolverine - Gameplay Trailer | PS5 Games,the music sounds familiar to marvels spiderman wow,"['the', 'music', 'sounds', 'familiar', 'to', 'marvels', 'spiderman', 'wow']",2025-09-25 14:41:41+07:00,2025,9,25,14
s3pDMUWlA6I,Marvel’s Wolverine - Gameplay Trailer | PS5 Games,what in the is this,"['what', 'in', 'the', 'is', 'this']",2025-09-25 14:41:33+07:00,2025,9,25,14
s3pDMUWlA6I,Marvel’s Wolverine - Gameplay Trailer | PS5 Games,is free world,"['is', 'free', 'world']",2025-09-25 14:41:19+07:00,2025,9,25,14
s3pDMUWlA6I,Marvel’s Wolverine - Gameplay Trailer | PS5 Games,we needed this so badly,"['we', 'needed', 'this', 'so', 'badly']",2025-09-25 14:40:21+07:00,2025,9,25,14
s3pDMUWlA6I,Marvel’s Wolverine - Gameplay Trailer | PS5 Games,why all enemies are robots,"['why', 'all', 'enemies', 'are', 'robots']",2025-09-25 14:39:22+07:00,2025,9,25,14
s3pDMUWlA6I,Marvel’s Wolverine - Gameplay Trailer | PS5 Games,wonder how much of the message is gonna be in the game yawn,"['wonder', 'how', 'much', 'of', 'the', 'message', 'is', 'gonna', 'be', 'in', 'the', 'game', 'yawn']",2025-09-25 14:39:18+07:00,2025,9,25,14
s3pDMUWlA6I,Marvel’s Wolverine - Gameplay Trailer | PS5 Games,fine ill go play wolverine origins until this comes out,"['fine', 'ill', 'go', 'play', 'wolverine', 'origins', 'until', 'this', 'comes', 'out']",2025-09-25 14:39:13+07:00,2025,9,25,14
s3pDMUWlA6I,Marvel’s Wolverine - Gameplay Trailer | PS5 Games,i aint no hero im wolverine,"['i', 'aint', 'no', 'hero', 'im', 'wolverine']",2025-09-25 14:39:01+07:00,2025,9,25,14
s3pDMUWlA6I,Marvel’s Wolverine - Gameplay Trailer | PS5 Games,marvel is the gayest thing ever,"['marvel', 'is', 'the', 'gayest', 'thing', 'ever']",2025-09-25 14:38:43+07:00,2025,9,25,14
s3pDMUWlA6I,Marvel’s Wolverine - Gameplay Trailer | PS5 Games,looks fine but where is gameplay,"['looks', 'fine', 'but', 'where', 'is', 'gameplay']",2025-09-25 14:38:24+07:00,2025,9,25,14
s3pDMUWlA6I,Marvel’s Wolverine - Gameplay Trailer | PS5 Games,definitely getting the xmen origins wolverine vibe from this trailer in all the best ways ps to anyone who hasnt played it it would be a great start during the wait for this game,"['definitely', 'getting', 'the', 'xmen', 'origins', 'wolverine', 'vibe', 'from', 'this', 'trailer', 'in', 'all', 'the', 'best', 'ways', 'ps', 'to', 'anyone', 'who', 'hasnt', 'played', 'it', 'it', 'would', 'be', 'a', 'great', 'start', 'during', 'the', 'wait', 'for', 'this', 'game']",2025-09-25 14:38:23+07:00,2025,9,25,14
s3pDMUWlA6I,Marvel’s Wolverine - Gameplay Trailer | PS5 Games,can easily run on a ps,"['can', 'easily', 'run', 'on', 'a', 'ps']",2025-09-25 14:38:21+07:00,2025,9,25,14
s3pDMUWlA6I,Marvel’s Wolverine - Gameplay Trailer | PS5 Games,idk why this looks mid to me but it does i will try to keep an open mind tho,"['idk', 'why', 'this', 'looks', 'mid', 'to', 'me', 'but', 'it', 'does', 'i', 'will', 'try', 'to', 'keep', 'an', 'open', 'mind', 'tho']",2025-09-25 14:38:09+07:00,2025,9,25,14
s3pDMUWlA6I,Marvel’s Wolverine - Gameplay Trailer | PS5 Games,voicing acting is off,"['voicing', 'acting', 'is', 'off']",2025-09-25 14:37:21+07:00,2025,9,25,14
s3pDMUWlA6I,Marvel’s Wolverine - Gameplay Trailer | PS5 Games,too bad steven blum didnt reprise his role as wolverine,"['too', 'bad', 'steven', 'blum', 'didnt', 'reprise', 'his', 'role', 'as', 'wolverine']",2025-09-25 14:37:03+07:00,2025,9,25,14
s3pDMUWlA6I,Marvel’s Wolverine - Gameplay Trailer | PS5 Games,holy moly,"['holy', 'moly']",2025-09-25 14:36:42+07:00,2025,9,25,14
s3pDMUWlA6I,Marvel’s Wolverine - Gameplay Trailer | PS5 Games,awsome i cant wait to have it and play it,"['awsome', 'i', 'cant', 'wait', 'to', 'have', 'it', 'and', 'play', 'it']",2025-09-25 14:36:23+07:00,2025,9,25,14
s3pDMUWlA6I,Marvel’s Wolverine - Gameplay Trailer | PS5 Games,please make the game longer than last spiderman game insomniac,"['please', 'make', 'the', 'game', 'longer', 'than', 'last', 'spiderman', 'game', 'insomniac']",2025-09-25 14:36:08+07:00,2025,9,25,14
s3pDMUWlA6I,Marvel’s Wolverine - Gameplay Trailer | PS5 Games,its insomniac gamesi will preorder without a doubt,"['its', 'insomniac', 'gamesi', 'will', 'preorder', 'without', 'a', 'doubt']",2025-09-25 14:36:03+07:00,2025,9,25,14
s3pDMUWlA6I,Marvel’s Wolverine - Gameplay Trailer | PS5 Games,im so glad its going to be grim and gory just like the xmen origins wolverine game,"['im', 'so', 'glad', 'its', 'going', 'to', 'be', 'grim', 'and', 'gory', 'just', 'like', 'the', 'xmen', 'origins', 'wolverine', 'game']",2025-09-25 14:35:51+07:00,2025,9,25,14
s3pDMUWlA6I,Marvel’s Wolverine - Gameplay Trailer | PS5 Games,friking finally we waiting for the nd game but this is far better the wait was probably worth it,"['friking', 'finally', 'we', 'waiting', 'for', 'the', 'nd', 'game', 'but', 'this', 'is', 'far', 'better', 'the', 'wait', 'was', 'probably', 'worth', 'it']",2025-09-25 14:35:47+07:00,2025,9,25,14
s3pDMUWlA6I,Marvel’s Wolverine - Gameplay Trailer | PS5 Games,yes lets go,"['yes', 'lets', 'go']",2025-09-25 14:35:44+07:00,2025,9,25,14
s3pDMUWlA6I,Marvel’s Wolverine - Gameplay Trailer | PS5 Games,another flop game,"['another', 'flop', 'game']",2025-09-25 14:35:36+07:00,2025,9,25,14
s3pDMUWlA6I,Marvel’s Wolverine - Gameplay Trailer | PS5 Games,im praying its like the origins game,"['im', 'praying', 'its', 'like', 'the', 'origins', 'game']",2025-09-25 14:35:29+07:00,2025,9,25,14
s3pDMUWlA6I,Marvel’s Wolverine - Gameplay Trailer | PS5 Games,insomniac games didnt dissapointed us now please make punisher and daredevil game,"['insomniac', 'games', 'didnt', 'dissapointed', 'us', 'now', 'please', 'make', 'punisher', 'and', 'daredevil', 'game']",2025-09-25 14:34:48+07:00,2025,9,25,14
s3pDMUWlA6I,Marvel’s Wolverine - Gameplay Trailer | PS5 Games,looks nice,"['looks', 'nice']",2025-09-25 14:34:05+07:00,2025,9,25,14
s3pDMUWlA6I,Marvel’s Wolverine - Gameplay Trailer | PS5 Games,insomniac pls drop it bruh,"['insomniac', 'pls', 'drop', 'it', 'bruh']",2025-09-25 14:33:58+07:00,2025,9,25,14
s3pDMUWlA6I,Marvel’s Wolverine - Gameplay Trailer | PS5 Games,gameplay looks amazing but hopefully they wont butcher the character like they did in spiderman,"['gameplay', 'looks', 'amazing', 'but', 'hopefully', 'they', 'wont', 'butcher', 'the', 'character', 'like', 'they', 'did', 'in', 'spiderman']",2025-09-25 14:33:45+07:00,2025,9,25,14
s3pDMUWlA6I,Marvel’s Wolverine - Gameplay Trailer | PS5 Games,exact year of waiting now,"['exact', 'year', 'of', 'waiting', 'now']",2025-09-25 14:33:37+07:00,2025,9,25,14
s3pDMUWlA6I,Marvel’s Wolverine - Gameplay Trailer | PS5 Games,i had my doubts before watching the trailer my doubts have been removed watching the trailer,"['i', 'had', 'my', 'doubts', 'before', 'watching', 'the', 'trailer', 'my', 'doubts', 'have', 'been', 'removed', 'watching', 'the', 'trailer']",2025-09-25 14:33:30+07:00,2025,9,25,14
s3pDMUWlA6I,Marvel’s Wolverine - Gameplay Trailer | PS5 Games,did they purposely make it so the bad guys are half robot so they can nerf the amount of blood there is alot of blood in the trailers but i wouldnt be surprised if at release it was much much different to comply with age limits,"['did', 'they', 'purposely', 'make', 'it', 'so', 'the', 'bad', 'guys', 'are', 'half', 'robot', 'so', 'they', 'can', 'nerf', 'the', 'amount', 'of', 'blood', 'there', 'is', 'alot', 'of', 'blood', 'in', 'the', 'trailers', 'but', 'i', 'wouldnt', 'be', 'surprised', 'if', 'at', 'release', 'it', 'was', 'much', 'much', 'different', 'to', 'comply', 'with', 'age', 'limits']",2025-09-25 14:33:11+07:00,2025,9,25,14
s3pDMUWlA6I,Marvel’s Wolverine - Gameplay Trailer | PS5 Games,im confused i dont know what to think will this game be better than xmen origins wolverine,"['im', 'confused', 'i', 'dont', 'know', 'what', 'to', 'think', 'will', 'this', 'game', 'be', 'better', 'than', 'xmen', 'origins', 'wolverine']",2025-09-25 14:33:10+07:00,2025,9,25,14
s3pDMUWlA6I,Marvel’s Wolverine - Gameplay Trailer | PS5 Games,was that dethlok in white armor,"['was', 'that', 'dethlok', 'in', 'white', 'armor']",2025-09-25 14:32:51+07:00,2025,9,25,14
s3pDMUWlA6I,Marvel’s Wolverine - Gameplay Trailer | PS5 Games,i swear spiderman has to appear in this game at least as a cameo if not it would be a huge miss of such an opportunity,"['i', 'swear', 'spiderman', 'has', 'to', 'appear', 'in', 'this', 'game', 'at', 'least', 'as', 'a', 'cameo', 'if', 'not', 'it', 'would', 'be', 'a', 'huge', 'miss', 'of', 'such', 'an', 'opportunity']",2025-09-25 14:31:49+07:00,2025,9,25,14
s3pDMUWlA6I,Marvel’s Wolverine - Gameplay Trailer | PS5 Games,this is giving xmen origins wolverine vibes and im here for it,"['this', 'is', 'giving', 'xmen', 'origins', 'wolverine', 'vibes', 'and', 'im', 'here', 'for', 'it']",2025-09-25 14:31:40+07:00,2025,9,25,14
s3pDMUWlA6I,Marvel’s Wolverine - Gameplay Trailer | PS5 Games,everything looks amazing but i wonder if they are gonna nerf his healing factor or something cause like if there is no health bar wheres the challenge and if there is one dosent really feel like wolverine,"['everything', 'looks', 'amazing', 'but', 'i', 'wonder', 'if', 'they', 'are', 'gonna', 'nerf', 'his', 'healing', 'factor', 'or', 'something', 'cause', 'like', 'if', 'there', 'is', 'no', 'health', 'bar', 'wheres', 'the', 'challenge', 'and', 'if', 'there', 'is', 'one', 'dosent', 'really', 'feel', 'like', 'wolverine']",2025-09-25 14:31:26+07:00,2025,9,25,14
s3pDMUWlA6I,Marvel’s Wolverine - Gameplay Trailer | PS5 Games,what is this l animations grafix l l l l f voice actor troy baker impersonation l game skip,"['what', 'is', 'this', 'l', 'animations', 'grafix', 'l', 'l', 'l', 'l', 'f', 'voice', 'actor', 'troy', 'baker', 'impersonation', 'l', 'game', 'skip']",2025-09-25 14:30:45+07:00,2025,9,25,14
s3pDMUWlA6I,Marvel’s Wolverine - Gameplay Trailer | PS5 Games,okay instant buy,"['okay', 'instant', 'buy']",2025-09-25 14:30:45+07:00,2025,9,25,14
s3pDMUWlA6I,Marvel’s Wolverine - Gameplay Trailer | PS5 Games,these graphics are insane bruh i can t imagine spiderman,"['these', 'graphics', 'are', 'insane', 'bruh', 'i', 'can', 't', 'imagine', 'spiderman']",2025-09-25 14:30:36+07:00,2025,9,25,14
s3pDMUWlA6I,Marvel’s Wolverine - Gameplay Trailer | PS5 Games,was thawas that omega red,"['was', 'thawas', 'that', 'omega', 'red']",2025-09-25 14:30:34+07:00,2025,9,25,14
s3pDMUWlA6I,Marvel’s Wolverine - Gameplay Trailer | PS5 Games,uncharted wolverine,"['uncharted', 'wolverine']",2025-09-25 14:30:26+07:00,2025,9,25,14
s3pDMUWlA6I,Marvel’s Wolverine - Gameplay Trailer | PS5 Games,insomniac its beautiful and please make a punisher or daredevil game,"['insomniac', 'its', 'beautiful', 'and', 'please', 'make', 'a', 'punisher', 'or', 'daredevil', 'game']",2025-09-25 14:30:19+07:00,2025,9,25,14
s3pDMUWlA6I,Marvel’s Wolverine - Gameplay Trailer | PS5 Games,discount adam smasher,"['discount', 'adam', 'smasher']",2025-09-25 14:30:03+07:00,2025,9,25,14
s3pDMUWlA6I,Marvel’s Wolverine - Gameplay Trailer | PS5 Games,if im not mistaken the actor playing wolverine played weather wizard,"['if', 'im', 'not', 'mistaken', 'the', 'actor', 'playing', 'wolverine', 'played', 'weather', 'wizard']",2025-09-25 14:38:39+07:00,2025,9,25,14
s3pDMUWlA6I,Marvel’s Wolverine - Gameplay Trailer | PS5 Games,not bad,"['not', 'bad']",2025-09-25 14:29:58+07:00,2025,9,25,14
s3pDMUWlA6I,Marvel’s Wolverine - Gameplay Trailer | PS5 Games,lol game is gonna be rated m right,"['lol', 'game', 'is', 'gonna', 'be', 'rated', 'm', 'right']",2025-09-25 14:29:53+07:00,2025,9,25,14
s3pDMUWlA6I,Marvel’s Wolverine - Gameplay Trailer | PS5 Games,e,['e'],2025-09-25 14:38:52+07:00,2025,9,25,14
s3pDMUWlA6I,Marvel’s Wolverine - Gameplay Trailer | PS5 Games,what a timeto have a ps,"['what', 'a', 'timeto', 'have', 'a', 'ps']",2025-09-25 14:29:49+07:00,2025,9,25,14
s3pDMUWlA6I,Marvel’s Wolverine - Gameplay Trailer | PS5 Games,finally i cant wait for this game,"['finally', 'i', 'cant', 'wait', 'for', 'this', 'game']",2025-09-25 14:29:25+07:00,2025,9,25,14
s3pDMUWlA6I,Marvel’s Wolverine - Gameplay Trailer | PS5 Games,soits just wolverine origins remake disappointed,"['soits', 'just', 'wolverine', 'origins', 'remake', 'disappointed']",2025-09-25 14:29:26+07:00,2025,9,25,14
s3pDMUWlA6I,Marvel’s Wolverine - Gameplay Trailer | PS5 Games,why does this look like a cinematic trailer made to look like gameplay sus,"['why', 'does', 'this', 'look', 'like', 'a', 'cinematic', 'trailer', 'made', 'to', 'look', 'like', 'gameplay', 'sus']",2025-09-25 14:29:08+07:00,2025,9,25,14
s3pDMUWlA6I,Marvel’s Wolverine - Gameplay Trailer | PS5 Games,the trailer states that its a mix of both,"['the', 'trailer', 'states', 'that', 'its', 'a', 'mix', 'of', 'both']",2025-09-25 14:39:57+07:00,2025,9,25,14
s3pDMUWlA6I,Marvel’s Wolverine - Gameplay Trailer | PS5 Games,still its not better the og xmen origins wolverine,"['still', 'its', 'not', 'better', 'the', 'og', 'xmen', 'origins', 'wolverine']",2025-09-25 14:29:08+07:00,2025,9,25,14
s3pDMUWlA6I,Marvel’s Wolverine - Gameplay Trailer | PS5 Games,its not out yet,"['its', 'not', 'out', 'yet']",2025-09-25 14:40:20+07:00,2025,9,25,14
s3pDMUWlA6I,Marvel’s Wolverine - Gameplay Trailer | PS5 Games,spartacus embodies the wolverine sign me up,"['spartacus', 'embodies', 'the', 'wolverine', 'sign', 'me', 'up']",2025-09-25 14:28:52+07:00,2025,9,25,14
s3pDMUWlA6I,Marvel’s Wolverine - Gameplay Trailer | PS5 Games,why are people upset about insomniac i mean blame leakers i dont mind waiting years to have a great game rather than having trailers ad knowing all things before the launch are you seriously that desperate jeez guys learn to wait and be chill thats why game and movies are bad cause you want them asap but great works need time,"['why', 'are', 'people', 'upset', 'about', 'insomniac', 'i', 'mean', 'blame', 'leakers', 'i', 'dont', 'mind', 'waiting', 'years', 'to', 'have', 'a', 'great', 'game', 'rather', 'than', 'having', 'trailers', 'ad', 'knowing', 'all', 'things', 'before', 'the', 'launch', 'are', 'you', 'seriously', 'that', 'desperate', 'jeez', 'guys', 'learn', 'to', 'wait', 'and', 'be', 'chill', 'thats', 'why', 'game', 'and', 'movies', 'are', 'bad', 'cause', 'you', 'want', 'them', 'asap', 'but', 'great', 'works', 'need', 'time']",2025-09-25 14:28:52+07:00,2025,9,25,14
s3pDMUWlA6I,Marvel’s Wolverine - Gameplay Trailer | PS5 Games,to be honest i nearly forgot this was in the works,"['to', 'be', 'honest', 'i', 'nearly', 'forgot', 'this', 'was', 'in', 'the', 'works']",2025-09-25 14:28:43+07:00,2025,9,25,14
s3pDMUWlA6I,Marvel’s Wolverine - Gameplay Trailer | PS5 Games,why is adam smasher there,"['why', 'is', 'adam', 'smasher', 'there']",2025-09-25 14:28:35+07:00,2025,9,25,14
s3pDMUWlA6I,Marvel’s Wolverine - Gameplay Trailer | PS5 Games,seems like another boring generic insomniac game,"['seems', 'like', 'another', 'boring', 'generic', 'insomniac', 'game']",2025-09-25 14:28:29+07:00,2025,9,25,14
s3pDMUWlA6I,Marvel’s Wolverine - Gameplay Trailer | PS5 Games,omega destroyah berserker barage,"['omega', 'destroyah', 'berserker', 'barage']",2025-09-25 14:27:57+07:00,2025,9,25,14
s3pDMUWlA6I,Marvel’s Wolverine - Gameplay Trailer | PS5 Games,feels like a ps game when the next generation will came,"['feels', 'like', 'a', 'ps', 'game', 'when', 'the', 'next', 'generation', 'will', 'came']",2025-09-25 14:27:51+07:00,2025,9,25,14
s3pDMUWlA6I,Marvel’s Wolverine - Gameplay Trailer | PS5 Games,finally,['finally'],2025-09-25 14:27:41+07:00,2025,9,25,14
s3pDMUWlA6I,Marvel’s Wolverine - Gameplay Trailer | PS5 Games,the wolverine game the wolverine game is real,"['the', 'wolverine', 'game', 'the', 'wolverine', 'game', 'is', 'real']",2025-09-25 14:27:23+07:00,2025,9,25,14
s3pDMUWlA6I,Marvel’s Wolverine - Gameplay Trailer | PS5 Games,cool,['cool'],2025-09-25 14:27:13+07:00,2025,9,25,14
s3pDMUWlA6I,Marvel’s Wolverine - Gameplay Trailer | PS5 Games,next mission make a game deadpool deserves,"['next', 'mission', 'make', 'a', 'game', 'deadpool', 'deserves']",2025-09-25 14:27:03+07:00,2025,9,25,14
s3pDMUWlA6I,Marvel’s Wolverine - Gameplay Trailer | PS5 Games,cool but when are we getting a coop spiderman game,"['cool', 'but', 'when', 'are', 'we', 'getting', 'a', 'coop', 'spiderman', 'game']",2025-09-25 14:26:47+07:00,2025,9,25,14
s3pDMUWlA6I,Marvel’s Wolverine - Gameplay Trailer | PS5 Games,amazingjust amazing,"['amazingjust', 'amazing']",2025-09-25 14:26:31+07:00,2025,9,25,14
s3pDMUWlA6I,Marvel’s Wolverine - Gameplay Trailer | PS5 Games,looks awesome but they should release it as far away from gta as possible,"['looks', 'awesome', 'but', 'they', 'should', 'release', 'it', 'as', 'far', 'away', 'from', 'gta', 'as', 'possible']",2025-09-25 14:26:12+07:00,2025,9,25,14
s3pDMUWlA6I,Marvel’s Wolverine - Gameplay Trailer | PS5 Games,i miss games like this loved the wolverine ps game back in the day,"['i', 'miss', 'games', 'like', 'this', 'loved', 'the', 'wolverine', 'ps', 'game', 'back', 'in', 'the', 'day']",2025-09-25 14:26:10+07:00,2025,9,25,14
s3pDMUWlA6I,Marvel’s Wolverine - Gameplay Trailer | PS5 Games,its happening its happening,"['its', 'happening', 'its', 'happening']",2025-09-25 14:26:04+07:00,2025,9,25,14
s3pDMUWlA6I,Marvel’s Wolverine - Gameplay Trailer | PS5 Games,finally the wolverine game ive been waiting my whole life for,"['finally', 'the', 'wolverine', 'game', 'ive', 'been', 'waiting', 'my', 'whole', 'life', 'for']",2025-09-25 14:25:57+07:00,2025,9,25,14
s3pDMUWlA6I,Marvel’s Wolverine - Gameplay Trailer | PS5 Games,insomniac dont miss,"['insomniac', 'dont', 'miss']",2025-09-25 14:25:57+07:00,2025,9,25,14
s3pDMUWlA6I,Marvel’s Wolverine - Gameplay Trailer | PS5 Games,and here i thought that insomniac were gruesome when they had venom bite kravens head off but here theyre going all out honestly after the fiasco that came from marvel avengers they should be designing all of the marvel games,"['and', 'here', 'i', 'thought', 'that', 'insomniac', 'were', 'gruesome', 'when', 'they', 'had', 'venom', 'bite', 'kravens', 'head', 'off', 'but', 'here', 'theyre', 'going', 'all', 'out', 'honestly', 'after', 'the', 'fiasco', 'that', 'came', 'from', 'marvel', 'avengers', 'they', 'should', 'be', 'designing', 'all', 'of', 'the', 'marvel', 'games']",2025-09-25 14:25:40+07:00,2025,9,25,14
s3pDMUWlA6I,Marvel’s Wolverine - Gameplay Trailer | PS5 Games,awesome gruesome,"['awesome', 'gruesome']",2025-09-25 14:25:39+07:00,2025,9,25,14
s3pDMUWlA6I,Marvel’s Wolverine - Gameplay Trailer | PS5 Games,worth the wait its been forever and a day waiting for a trailer now just gotta make it to fall just found out that liam mcintrye is taking the lead role as james howlettwolverine if that name sounds familiar he succeeded andy whitfield as spartacus in the starz series happy to see him still working and im looking forward to seeing and playing him in the role as wolverine,"['worth', 'the', 'wait', 'its', 'been', 'forever', 'and', 'a', 'day', 'waiting', 'for', 'a', 'trailer', 'now', 'just', 'gotta', 'make', 'it', 'to', 'fall', 'just', 'found', 'out', 'that', 'liam', 'mcintrye', 'is', 'taking', 'the', 'lead', 'role', 'as', 'james', 'howlettwolverine', 'if', 'that', 'name', 'sounds', 'familiar', 'he', 'succeeded', 'andy', 'whitfield', 'as', 'spartacus', 'in', 'the', 'starz', 'series', 'happy', 'to', 'see', 'him', 'still', 'working', 'and', 'im', 'looking', 'forward', 'to', 'seeing', 'and', 'playing', 'him', 'in', 'the', 'role', 'as', 'wolverine']",2025-09-25 14:25:00+07:00,2025,9,25,14
s3pDMUWlA6I,Marvel’s Wolverine - Gameplay Trailer | PS5 Games,same universe as spiderman,"['same', 'universe', 'as', 'spiderman']",2025-09-25 14:24:43+07:00,2025,9,25,14
s3pDMUWlA6I,Marvel’s Wolverine - Gameplay Trailer | PS5 Games,yes,['yes'],2025-09-25 14:41:54+07:00,2025,9,25,14
s3pDMUWlA6I,Marvel’s Wolverine - Gameplay Trailer | PS5 Games,as a wolverine origins game fan seeing the sentinals gives nostalgia,"['as', 'a', 'wolverine', 'origins', 'game', 'fan', 'seeing', 'the', 'sentinals', 'gives', 'nostalgia']",2025-09-25 14:24:02+07:00,2025,9,25,14
s3pDMUWlA6I,Marvel’s Wolverine - Gameplay Trailer | PS5 Games,the voice i think its sparatacus actor i know his voice,"['the', 'voice', 'i', 'think', 'its', 'sparatacus', 'actor', 'i', 'know', 'his', 'voice']",2025-09-25 14:23:36+07:00,2025,9,25,14
s3pDMUWlA6I,Marvel’s Wolverine - Gameplay Trailer | PS5 Games,leaving this comment here so in years we can get hulk or deadpool next,"['leaving', 'this', 'comment', 'here', 'so', 'in', 'years', 'we', 'can', 'get', 'hulk', 'or', 'deadpool', 'next']",2025-09-25 14:23:23+07:00,2025,9,25,14
s3pDMUWlA6I,Marvel’s Wolverine - Gameplay Trailer | PS5 Games,wonder who else will be in the game,"['wonder', 'who', 'else', 'will', 'be', 'in', 'the', 'game']",2025-09-25 14:23:13+07:00,2025,9,25,14
s3pDMUWlA6I,Marvel’s Wolverine - Gameplay Trailer | PS5 Games,insomniac needs to take over marvel games,"['insomniac', 'needs', 'to', 'take', 'over', 'marvel', 'games']",2025-09-25 14:23:11+07:00,2025,9,25,14
s3pDMUWlA6I,Marvel’s Wolverine - Gameplay Trailer | PS5 Games,wow thats a big sentinel,"['wow', 'thats', 'a', 'big', 'sentinel']",2025-09-25 14:22:56+07:00,2025,9,25,14
s3pDMUWlA6I,Marvel’s Wolverine - Gameplay Trailer | PS5 Games,yes thats how you do it,"['yes', 'thats', 'how', 'you', 'do', 'it']",2025-09-25 14:22:50+07:00,2025,9,25,14
s3pDMUWlA6I,Marvel’s Wolverine - Gameplay Trailer | PS5 Games,wow absolutely legend,"['wow', 'absolutely', 'legend']",2025-09-25 14:22:49+07:00,2025,9,25,14
s3pDMUWlA6I,Marvel’s Wolverine - Gameplay Trailer | PS5 Games,lfg,['lfg'],2025-09-25 14:22:45+07:00,2025,9,25,14
s3pDMUWlA6I,Marvel’s Wolverine - Gameplay Trailer | PS5 Games,is this a open world game,"['is', 'this', 'a', 'open', 'world', 'game']",2025-09-25 14:22:07+07:00,2025,9,25,14
s3pDMUWlA6I,Marvel’s Wolverine - Gameplay Trailer | PS5 Games,wolverine in malaysia,"['wolverine', 'in', 'malaysia']",2025-09-25 14:22:06+07:00,2025,9,25,14
s3pDMUWlA6I,Marvel’s Wolverine - Gameplay Trailer | PS5 Games,spartacus wolverine,"['spartacus', 'wolverine']",2025-09-25 14:21:34+07:00,2025,9,25,14
s3pDMUWlA6I,Marvel’s Wolverine - Gameplay Trailer | PS5 Games,thank you insomniac and thank you sony this is the sort of game we want and expect from you and not all that multiplayer experiences,"['thank', 'you', 'insomniac', 'and', 'thank', 'you', 'sony', 'this', 'is', 'the', 'sort', 'of', 'game', 'we', 'want', 'and', 'expect', 'from', 'you', 'and', 'not', 'all', 'that', 'multiplayer', 'experiences']",2025-09-25 14:21:29+07:00,2025,9,25,14
s3pDMUWlA6I,Marvel’s Wolverine - Gameplay Trailer | PS5 Games,this is gonna be fun,"['this', 'is', 'gonna', 'be', 'fun']",2025-09-25 14:21:06+07:00,2025,9,25,14
s3pDMUWlA6I,Marvel’s Wolverine - Gameplay Trailer | PS5 Games,the wolverine game exceeds all my expectations and now ill be dedicating my time and money to it next year itll be crazy thanks insmoniac,"['the', 'wolverine', 'game', 'exceeds', 'all', 'my', 'expectations', 'and', 'now', 'ill', 'be', 'dedicating', 'my', 'time', 'and', 'money', 'to', 'it', 'next', 'year', 'itll', 'be', 'crazy', 'thanks', 'insmoniac']",2025-09-25 14:20:59+07:00,2025,9,25,14
s3pDMUWlA6I,Marvel’s Wolverine - Gameplay Trailer | PS5 Games,impotence in enemy design cyborgs again dont we have any other enemies in the industry,"['impotence', 'in', 'enemy', 'design', 'cyborgs', 'again', 'dont', 'we', 'have', 'any', 'other', 'enemies', 'in', 'the', 'industry']",2025-09-25 14:20:53+07:00,2025,9,25,14
s3pDMUWlA6I,Marvel’s Wolverine - Gameplay Trailer | PS5 Games,so we need to wait another year,"['so', 'we', 'need', 'to', 'wait', 'another', 'year']",2025-09-25 14:20:41+07:00,2025,9,25,14
s3pDMUWlA6I,Marvel’s Wolverine - Gameplay Trailer | PS5 Games,unchartverine,['unchartverine'],2025-09-25 14:20:31+07:00,2025,9,25,14
BKl1qELq_BU,KISAH MISTERIUS KOTA BERKABUT DI JEPANG BERLANJUT.... Silent Hill f GAMEPLAY #2,akuu,['akuu'],2025-09-25 14:42:31+07:00,2025,9,25,14
BKl1qELq_BU,KISAH MISTERIUS KOTA BERKABUT DI JEPANG BERLANJUT.... Silent Hill f GAMEPLAY #2,bang windah ini kisah nyata,"['bang', 'windah', 'ini', 'kisah', 'nyata']",2025-09-25 14:40:28+07:00,2025,9,25,14
BKl1qELq_BU,KISAH MISTERIUS KOTA BERKABUT DI JEPANG BERLANJUT.... Silent Hill f GAMEPLAY #2,bg windah makin ganteng deh,"['bg', 'windah', 'makin', 'ganteng', 'deh']",2025-09-25 14:40:26+07:00,2025,9,25,14
BKl1qELq_BU,KISAH MISTERIUS KOTA BERKABUT DI JEPANG BERLANJUT.... Silent Hill f GAMEPLAY #2,bang jangan lupa istirahat soal live ampe jam lu bjir,"['bang', 'jangan', 'lupa', 'istirahat', 'soal', 'live', 'ampe', 'jam', 'lu', 'bjir']",2025-09-25 14:38:40+07:00,2025,9,25,14
BKl1qELq_BU,KISAH MISTERIUS KOTA BERKABUT DI JEPANG BERLANJUT.... Silent Hill f GAMEPLAY #2,sehat selalu kak windah,"['sehat', 'selalu', 'kak', 'windah']",2025-09-25 14:37:51+07:00,2025,9,25,14
BKl1qELq_BU,KISAH MISTERIUS KOTA BERKABUT DI JEPANG BERLANJUT.... Silent Hill f GAMEPLAY #2,bang coba main the spike,"['bang', 'coba', 'main', 'the', 'spike']",2025-09-25 14:36:18+07:00,2025,9,25,14
BKl1qELq_BU,KISAH MISTERIUS KOTA BERKABUT DI JEPANG BERLANJUT.... Silent Hill f GAMEPLAY #2,f stand for farell,"['f', 'stand', 'for', 'farell']",2025-09-25 14:32:58+07:00,2025,9,25,14
BKl1qELq_BU,KISAH MISTERIUS KOTA BERKABUT DI JEPANG BERLANJUT.... Silent Hill f GAMEPLAY #2,gelo teka teki nya bnyk bgt keren lu bang gak rudet main nya,"['gelo', 'teka', 'teki', 'nya', 'bnyk', 'bgt', 'keren', 'lu', 'bang', 'gak', 'rudet', 'main', 'nya']",2025-09-25 14:32:04+07:00,2025,9,25,14
BKl1qELq_BU,KISAH MISTERIUS KOTA BERKABUT DI JEPANG BERLANJUT.... Silent Hill f GAMEPLAY #2,assalamualaikum windah basudara semangat live,"['assalamualaikum', 'windah', 'basudara', 'semangat', 'live']",2025-09-25 14:31:59+07:00,2025,9,25,14
BKl1qELq_BU,KISAH MISTERIUS KOTA BERKABUT DI JEPANG BERLANJUT.... Silent Hill f GAMEPLAY #2,boneka kecil punya nya si sakuko bukan sikana kata suka koleksi,"['boneka', 'kecil', 'punya', 'nya', 'si', 'sakuko', 'bukan', 'sikana', 'kata', 'suka', 'koleksi']",2025-09-25 14:31:53+07:00,2025,9,25,14
BKl1qELq_BU,KISAH MISTERIUS KOTA BERKABUT DI JEPANG BERLANJUT.... Silent Hill f GAMEPLAY #2,ngakak bgt wkwkwk,"['ngakak', 'bgt', 'wkwkwk']",2025-09-25 14:29:37+07:00,2025,9,25,14
BKl1qELq_BU,KISAH MISTERIUS KOTA BERKABUT DI JEPANG BERLANJUT.... Silent Hill f GAMEPLAY #2,pls bukan cuma gw kan suka sama pria musang wkwkkwwk,"['pls', 'bukan', 'cuma', 'gw', 'kan', 'suka', 'sama', 'pria', 'musang', 'wkwkkwwk']",2025-09-25 14:26:10+07:00,2025,9,25,14
BKl1qELq_BU,KISAH MISTERIUS KOTA BERKABUT DI JEPANG BERLANJUT.... Silent Hill f GAMEPLAY #2,lanjut skibidi toilet part part,"['lanjut', 'skibidi', 'toilet', 'part', 'part']",2025-09-25 14:24:18+07:00,2025,9,25,14
BKl1qELq_BU,KISAH MISTERIUS KOTA BERKABUT DI JEPANG BERLANJUT.... Silent Hill f GAMEPLAY #2,bang fc mobile release cuba in main nye bang,"['bang', 'fc', 'mobile', 'release', 'cuba', 'in', 'main', 'nye', 'bang']",2025-09-25 14:22:31+07:00,2025,9,25,14
BKl1qELq_BU,KISAH MISTERIUS KOTA BERKABUT DI JEPANG BERLANJUT.... Silent Hill f GAMEPLAY #2,kayak hinako tuh gamophobia takut lebih terusmenerus tidak rasional hadap nikah komitmen serius,"['kayak', 'hinako', 'tuh', 'gamophobia', 'takut', 'lebih', 'terusmenerus', 'tidak', 'rasional', 'hadap', 'nikah', 'komitmen', 'serius']",2025-09-25 14:18:29+07:00,2025,9,25,14
BKl1qELq_BU,KISAH MISTERIUS KOTA BERKABUT DI JEPANG BERLANJUT.... Silent Hill f GAMEPLAY #2,gass bang main dying light the beast,"['gass', 'bang', 'main', 'dying', 'light', 'the', 'beast']",2025-09-25 14:14:24+07:00,2025,9,25,14
BKl1qELq_BU,KISAH MISTERIUS KOTA BERKABUT DI JEPANG BERLANJUT.... Silent Hill f GAMEPLAY #2,komen org nya teliti banget sama game nya gw cuman nonton doang,"['komen', 'org', 'nya', 'teliti', 'banget', 'sama', 'game', 'nya', 'gw', 'cuman', 'nonton', 'doang']",2025-09-25 14:12:59+07:00,2025,9,25,14
BKl1qELq_BU,KISAH MISTERIUS KOTA BERKABUT DI JEPANG BERLANJUT.... Silent Hill f GAMEPLAY #2,bang lanjutin pvz fusion skin gatling cerri bom cara bikin kipli cerri kali plus gatling cerri satu,"['bang', 'lanjutin', 'pvz', 'fusion', 'skin', 'gatling', 'cerri', 'bom', 'cara', 'bikin', 'kipli', 'cerri', 'kali', 'plus', 'gatling', 'cerri', 'satu']",2025-09-25 14:09:58+07:00,2025,9,25,14
BKl1qELq_BU,KISAH MISTERIUS KOTA BERKABUT DI JEPANG BERLANJUT.... Silent Hill f GAMEPLAY #2,halo papi aku lagi sehatt selalu papi windahh,"['halo', 'papi', 'aku', 'lagi', 'sehatt', 'selalu', 'papi', 'windahh']",2025-09-25 14:08:37+07:00,2025,9,25,14
BKl1qELq_BU,KISAH MISTERIUS KOTA BERKABUT DI JEPANG BERLANJUT.... Silent Hill f GAMEPLAY #2,game sillne hil game akan sayingi game residen evil requelmi,"['game', 'sillne', 'hil', 'game', 'akan', 'sayingi', 'game', 'residen', 'evil', 'requelmi']",2025-09-25 14:03:54+07:00,2025,9,25,14
BKl1qELq_BU,KISAH MISTERIUS KOTA BERKABUT DI JEPANG BERLANJUT.... Silent Hill f GAMEPLAY #2,game elit translator sulit kata ilham,"['game', 'elit', 'translator', 'sulit', 'kata', 'ilham']",2025-09-25 13:57:48+07:00,2025,9,25,13
BKl1qELq_BU,KISAH MISTERIUS KOTA BERKABUT DI JEPANG BERLANJUT.... Silent Hill f GAMEPLAY #2,keren bg,"['keren', 'bg']",2025-09-25 13:49:23+07:00,2025,9,25,13
BKl1qELq_BU,KISAH MISTERIUS KOTA BERKABUT DI JEPANG BERLANJUT.... Silent Hill f GAMEPLAY #2,bang aku pusing liat kamu gerakin kamera,"['bang', 'aku', 'pusing', 'liat', 'kamu', 'gerakin', 'kamera']",2025-09-25 13:48:14+07:00,2025,9,25,13
BKl1qELq_BU,KISAH MISTERIUS KOTA BERKABUT DI JEPANG BERLANJUT.... Silent Hill f GAMEPLAY #2,enak tu tinggal keplak pake pipa rucika kepala si rinko gemez gw pen nabok,"['enak', 'tu', 'tinggal', 'keplak', 'pake', 'pipa', 'rucika', 'kepala', 'si', 'rinko', 'gemez', 'gw', 'pen', 'nabok']",2025-09-25 13:46:05+07:00,2025,9,25,13
BKl1qELq_BU,KISAH MISTERIUS KOTA BERKABUT DI JEPANG BERLANJUT.... Silent Hill f GAMEPLAY #2,bang main no im not human bang lanjutin pliss,"['bang', 'main', 'no', 'im', 'not', 'human', 'bang', 'lanjutin', 'pliss']",2025-09-25 13:45:37+07:00,2025,9,25,13
BKl1qELq_BU,KISAH MISTERIUS KOTA BERKABUT DI JEPANG BERLANJUT.... Silent Hill f GAMEPLAY #2,nice game,"['nice', 'game']",2025-09-25 13:41:01+07:00,2025,9,25,13
BKl1qELq_BU,KISAH MISTERIUS KOTA BERKABUT DI JEPANG BERLANJUT.... Silent Hill f GAMEPLAY #2,iklanya se jam udah an iklan bjir,"['iklanya', 'se', 'jam', 'udah', 'an', 'iklan', 'bjir']",2025-09-25 13:40:23+07:00,2025,9,25,13
BKl1qELq_BU,KISAH MISTERIUS KOTA BERKABUT DI JEPANG BERLANJUT.... Silent Hill f GAMEPLAY #2,fak spoiler dasar bocil,"['fak', 'spoiler', 'dasar', 'bocil']",2025-09-25 13:33:32+07:00,2025,9,25,13
BKl1qELq_BU,KISAH MISTERIUS KOTA BERKABUT DI JEPANG BERLANJUT.... Silent Hill f GAMEPLAY #2,bang video mu penuh ratus iklan,"['bang', 'video', 'mu', 'penuh', 'ratus', 'iklan']",2025-09-25 13:23:18+07:00,2025,9,25,13
BKl1qELq_BU,KISAH MISTERIUS KOTA BERKABUT DI JEPANG BERLANJUT.... Silent Hill f GAMEPLAY #2,gg game lama,"['gg', 'game', 'lama']",2025-09-25 13:23:02+07:00,2025,9,25,13
BKl1qELq_BU,KISAH MISTERIUS KOTA BERKABUT DI JEPANG BERLANJUT.... Silent Hill f GAMEPLAY #2,lagi lagi,"['lagi', 'lagi']",2025-09-25 13:22:16+07:00,2025,9,25,13
BKl1qELq_BU,KISAH MISTERIUS KOTA BERKABUT DI JEPANG BERLANJUT.... Silent Hill f GAMEPLAY #2,lekas baik bang windows anomali,"['lekas', 'baik', 'bang', 'windows', 'anomali']",2025-09-25 13:21:23+07:00,2025,9,25,13
BKl1qELq_BU,KISAH MISTERIUS KOTA BERKABUT DI JEPANG BERLANJUT.... Silent Hill f GAMEPLAY #2,wedehh tambah nafsu makan nich,"['wedehh', 'tambah', 'nafsu', 'makan', 'nich']",2025-09-25 13:21:04+07:00,2025,9,25,13
BKl1qELq_BU,KISAH MISTERIUS KOTA BERKABUT DI JEPANG BERLANJUT.... Silent Hill f GAMEPLAY #2,f fahri,"['f', 'fahri']",2025-09-25 13:20:47+07:00,2025,9,25,13
BKl1qELq_BU,KISAH MISTERIUS KOTA BERKABUT DI JEPANG BERLANJUT.... Silent Hill f GAMEPLAY #2,game penuh debat para bocil,"['game', 'penuh', 'debat', 'para', 'bocil']",2025-09-25 13:17:33+07:00,2025,9,25,13
BKl1qELq_BU,KISAH MISTERIUS KOTA BERKABUT DI JEPANG BERLANJUT.... Silent Hill f GAMEPLAY #2,seru bgt serasa nonton film w game w bg windah,"['seru', 'bgt', 'serasa', 'nonton', 'film', 'w', 'game', 'w', 'bg', 'windah']",2025-09-25 13:11:08+07:00,2025,9,25,13
BKl1qELq_BU,KISAH MISTERIUS KOTA BERKABUT DI JEPANG BERLANJUT.... Silent Hill f GAMEPLAY #2,iklan banyak banget kentut,"['iklan', 'banyak', 'banget', 'kentut']",2025-09-25 13:03:29+07:00,2025,9,25,13
BKl1qELq_BU,KISAH MISTERIUS KOTA BERKABUT DI JEPANG BERLANJUT.... Silent Hill f GAMEPLAY #2,jam yummy,"['jam', 'yummy']",2025-09-25 13:02:47+07:00,2025,9,25,13
BKl1qELq_BU,KISAH MISTERIUS KOTA BERKABUT DI JEPANG BERLANJUT.... Silent Hill f GAMEPLAY #2,gw sampe tidur nonton lu bang windahh,"['gw', 'sampe', 'tidur', 'nonton', 'lu', 'bang', 'windahh']",2025-09-25 12:55:02+07:00,2025,9,25,12
BKl1qELq_BU,KISAH MISTERIUS KOTA BERKABUT DI JEPANG BERLANJUT.... Silent Hill f GAMEPLAY #2,f nya fogging,"['f', 'nya', 'fogging']",2025-09-25 12:52:43+07:00,2025,9,25,12
BKl1qELq_BU,KISAH MISTERIUS KOTA BERKABUT DI JEPANG BERLANJUT.... Silent Hill f GAMEPLAY #2,gue gedeg bgt fox tuh kan rubah di bilang musang si,"['gue', 'gedeg', 'bgt', 'fox', 'tuh', 'kan', 'rubah', 'di', 'bilang', 'musang', 'si']",2025-09-25 12:49:21+07:00,2025,9,25,12
BKl1qELq_BU,KISAH MISTERIUS KOTA BERKABUT DI JEPANG BERLANJUT.... Silent Hill f GAMEPLAY #2,bang endingnya ada ending,"['bang', 'endingnya', 'ada', 'ending']",2025-09-25 12:45:42+07:00,2025,9,25,12
BKl1qELq_BU,KISAH MISTERIUS KOTA BERKABUT DI JEPANG BERLANJUT.... Silent Hill f GAMEPLAY #2,ngakak bgt kepala potong,"['ngakak', 'bgt', 'kepala', 'potong']",2025-09-25 12:37:50+07:00,2025,9,25,12
BKl1qELq_BU,KISAH MISTERIUS KOTA BERKABUT DI JEPANG BERLANJUT.... Silent Hill f GAMEPLAY #2,maaf bang kemaren gabisa nontonn aku nugass bang,"['maaf', 'bang', 'kemaren', 'gabisa', 'nontonn', 'aku', 'nugass', 'bang']",2025-09-25 12:37:44+07:00,2025,9,25,12
BKl1qELq_BU,KISAH MISTERIUS KOTA BERKABUT DI JEPANG BERLANJUT.... Silent Hill f GAMEPLAY #2,tidur gw nontoninnya malem bgt,"['tidur', 'gw', 'nontoninnya', 'malem', 'bgt']",2025-09-25 12:36:04+07:00,2025,9,25,12
BKl1qELq_BU,KISAH MISTERIUS KOTA BERKABUT DI JEPANG BERLANJUT.... Silent Hill f GAMEPLAY #2,baru game apa game mount enggak jelas banyak orang pick mii caper windaah windahh,"['baru', 'game', 'apa', 'game', 'mount', 'enggak', 'jelas', 'banyak', 'orang', 'pick', 'mii', 'caper', 'windaah', 'windahh']",2025-09-25 12:35:30+07:00,2025,9,25,12
BKl1qELq_BU,KISAH MISTERIUS KOTA BERKABUT DI JEPANG BERLANJUT.... Silent Hill f GAMEPLAY #2,ngetik apa si,"['ngetik', 'apa', 'si']",2025-09-25 13:47:55+07:00,2025,9,25,13
BKl1qELq_BU,KISAH MISTERIUS KOTA BERKABUT DI JEPANG BERLANJUT.... Silent Hill f GAMEPLAY #2,kaka nya hinako ada loh baris orang orang nunggu pas bawa sama mas musang aku liat sih baris ada yang pake topeng burung leher kaya jahit cmiiw harus cek lg,"['kaka', 'nya', 'hinako', 'ada', 'loh', 'baris', 'orang', 'orang', 'nunggu', 'pas', 'bawa', 'sama', 'mas', 'musang', 'aku', 'liat', 'sih', 'baris', 'ada', 'yang', 'pake', 'topeng', 'burung', 'leher', 'kaya', 'jahit', 'cmiiw', 'harus', 'cek', 'lg']",2025-09-25 12:34:31+07:00,2025,9,25,12
BKl1qELq_BU,KISAH MISTERIUS KOTA BERKABUT DI JEPANG BERLANJUT.... Silent Hill f GAMEPLAY #2,bang windah ntar mainin ending,"['bang', 'windah', 'ntar', 'mainin', 'ending']",2025-09-25 12:34:05+07:00,2025,9,25,12
BKl1qELq_BU,KISAH MISTERIUS KOTA BERKABUT DI JEPANG BERLANJUT.... Silent Hill f GAMEPLAY #2,anjir wibu,"['anjir', 'wibu']",2025-09-25 12:33:32+07:00,2025,9,25,12
BKl1qELq_BU,KISAH MISTERIUS KOTA BERKABUT DI JEPANG BERLANJUT.... Silent Hill f GAMEPLAY #2,bang plis lanjut lg hari inibesok aku bocil tripel a,"['bang', 'plis', 'lanjut', 'lg', 'hari', 'inibesok', 'aku', 'bocil', 'tripel', 'a']",2025-09-25 12:22:24+07:00,2025,9,25,12
BKl1qELq_BU,KISAH MISTERIUS KOTA BERKABUT DI JEPANG BERLANJUT.... Silent Hill f GAMEPLAY #2,bamg main the spike volleyball story,"['bamg', 'main', 'the', 'spike', 'volleyball', 'story']",2025-09-25 12:20:39+07:00,2025,9,25,12
BKl1qELq_BU,KISAH MISTERIUS KOTA BERKABUT DI JEPANG BERLANJUT.... Silent Hill f GAMEPLAY #2,bang coba game watch dog bang game cerita hacker moga dimainin bang,"['bang', 'coba', 'game', 'watch', 'dog', 'bang', 'game', 'cerita', 'hacker', 'moga', 'dimainin', 'bang']",2025-09-25 12:20:34+07:00,2025,9,25,12
BKl1qELq_BU,KISAH MISTERIUS KOTA BERKABUT DI JEPANG BERLANJUT.... Silent Hill f GAMEPLAY #2,game apsi binggu nonton dri awal pdahaltpi msih binggung,"['game', 'apsi', 'binggu', 'nonton', 'dri', 'awal', 'pdahaltpi', 'msih', 'binggung']",2025-09-25 12:18:11+07:00,2025,9,25,12
BKl1qELq_BU,KISAH MISTERIUS KOTA BERKABUT DI JEPANG BERLANJUT.... Silent Hill f GAMEPLAY #2,ad ending d game jd sulit sih buat d rangkum storyny,"['ad', 'ending', 'd', 'game', 'jd', 'sulit', 'sih', 'buat', 'd', 'rangkum', 'storyny']",2025-09-25 13:37:56+07:00,2025,9,25,13
BKl1qELq_BU,KISAH MISTERIUS KOTA BERKABUT DI JEPANG BERLANJUT.... Silent Hill f GAMEPLAY #2,bang windah coba main blox fruit dong riview buah yeti,"['bang', 'windah', 'coba', 'main', 'blox', 'fruit', 'dong', 'riview', 'buah', 'yeti']",2025-09-25 12:14:35+07:00,2025,9,25,12
BKl1qELq_BU,KISAH MISTERIUS KOTA BERKABUT DI JEPANG BERLANJUT.... Silent Hill f GAMEPLAY #2,fajri jirr nama gua jirr,"['fajri', 'jirr', 'nama', 'gua', 'jirr']",2025-09-25 12:09:38+07:00,2025,9,25,12
BKl1qELq_BU,KISAH MISTERIUS KOTA BERKABUT DI JEPANG BERLANJUT.... Silent Hill f GAMEPLAY #2,bg dar saran kapan kapan main blox fruit bg soal banyak update event tarik kayak mancing ikan buah banyak rework bisa boxing abg bentar sea bg lanjutin tualang bajak laut bg moga di baca amin,"['bg', 'dar', 'saran', 'kapan', 'kapan', 'main', 'blox', 'fruit', 'bg', 'soal', 'banyak', 'update', 'event', 'tarik', 'kayak', 'mancing', 'ikan', 'buah', 'banyak', 'rework', 'bisa', 'boxing', 'abg', 'bentar', 'sea', 'bg', 'lanjutin', 'tualang', 'bajak', 'laut', 'bg', 'moga', 'di', 'baca', 'amin']",2025-09-25 12:07:28+07:00,2025,9,25,12
BKl1qELq_BU,KISAH MISTERIUS KOTA BERKABUT DI JEPANG BERLANJUT.... Silent Hill f GAMEPLAY #2,gg game di tunggu tunggu,"['gg', 'game', 'di', 'tunggu', 'tunggu']",2025-09-25 12:01:51+07:00,2025,9,25,12
BKl1qELq_BU,KISAH MISTERIUS KOTA BERKABUT DI JEPANG BERLANJUT.... Silent Hill f GAMEPLAY #2,sus banget mr musang,"['sus', 'banget', 'mr', 'musang']",2025-09-25 11:59:19+07:00,2025,9,25,11
BKl1qELq_BU,KISAH MISTERIUS KOTA BERKABUT DI JEPANG BERLANJUT.... Silent Hill f GAMEPLAY #2,thankk uu bangg udaah lanjutinn game nyaa have a nice day bangg,"['thankk', 'uu', 'bangg', 'udaah', 'lanjutinn', 'game', 'nyaa', 'have', 'a', 'nice', 'day', 'bangg']",2025-09-25 11:58:53+07:00,2025,9,25,11
BKl1qELq_BU,KISAH MISTERIUS KOTA BERKABUT DI JEPANG BERLANJUT.... Silent Hill f GAMEPLAY #2,bang srius kok mirip film sweet home or just my imagination,"['bang', 'srius', 'kok', 'mirip', 'film', 'sweet', 'home', 'or', 'just', 'my', 'imagination']",2025-09-25 11:58:20+07:00,2025,9,25,11
BKl1qELq_BU,KISAH MISTERIUS KOTA BERKABUT DI JEPANG BERLANJUT.... Silent Hill f GAMEPLAY #2,ngeri banget tangan hinako potong terus ganti,"['ngeri', 'banget', 'tangan', 'hinako', 'potong', 'terus', 'ganti']",2025-09-25 11:57:06+07:00,2025,9,25,11
BKl1qELq_BU,KISAH MISTERIUS KOTA BERKABUT DI JEPANG BERLANJUT.... Silent Hill f GAMEPLAY #2,bocil spoiler caper bet anjir,"['bocil', 'spoiler', 'caper', 'bet', 'anjir']",2025-09-25 11:56:25+07:00,2025,9,25,11
BKl1qELq_BU,KISAH MISTERIUS KOTA BERKABUT DI JEPANG BERLANJUT.... Silent Hill f GAMEPLAY #2,gak jelas banget bapak bapak satu bocil ngeliat lu bingung wajar lah bantu ngasih pasword buat nyelesain puzzle lu eh bapak satu malah tantrum bocil bocil,"['gak', 'jelas', 'banget', 'bapak', 'bapak', 'satu', 'bocil', 'ngeliat', 'lu', 'bingung', 'wajar', 'lah', 'bantu', 'ngasih', 'pasword', 'buat', 'nyelesain', 'puzzle', 'lu', 'eh', 'bapak', 'satu', 'malah', 'tantrum', 'bocil', 'bocil']",2025-09-25 11:55:21+07:00,2025,9,25,11
BKl1qELq_BU,KISAH MISTERIUS KOTA BERKABUT DI JEPANG BERLANJUT.... Silent Hill f GAMEPLAY #2,shock berat sampe gua ulang ulang,"['shock', 'berat', 'sampe', 'gua', 'ulang', 'ulang']",2025-09-25 11:53:34+07:00,2025,9,25,11
BKl1qELq_BU,KISAH MISTERIUS KOTA BERKABUT DI JEPANG BERLANJUT.... Silent Hill f GAMEPLAY #2,game japan emang gak pernah gagal bagus semua,"['game', 'japan', 'emang', 'gak', 'pernah', 'gagal', 'bagus', 'semua']",2025-09-25 11:52:22+07:00,2025,9,25,11
BKl1qELq_BU,KISAH MISTERIUS KOTA BERKABUT DI JEPANG BERLANJUT.... Silent Hill f GAMEPLAY #2,w game lanjut bang win,"['w', 'game', 'lanjut', 'bang', 'win']",2025-09-25 11:52:14+07:00,2025,9,25,11
BKl1qELq_BU,KISAH MISTERIUS KOTA BERKABUT DI JEPANG BERLANJUT.... Silent Hill f GAMEPLAY #2,serius end jgaa,"['serius', 'end', 'jgaa']",2025-09-25 11:52:08+07:00,2025,9,25,11
BKl1qELq_BU,KISAH MISTERIUS KOTA BERKABUT DI JEPANG BERLANJUT.... Silent Hill f GAMEPLAY #2,bang windah mode jompo,"['bang', 'windah', 'mode', 'jompo']",2025-09-25 11:50:44+07:00,2025,9,25,11
BKl1qELq_BU,KISAH MISTERIUS KOTA BERKABUT DI JEPANG BERLANJUT.... Silent Hill f GAMEPLAY #2,request part nya jam bang biar urut,"['request', 'part', 'nya', 'jam', 'bang', 'biar', 'urut']",2025-09-25 11:48:08+07:00,2025,9,25,11
BKl1qELq_BU,KISAH MISTERIUS KOTA BERKABUT DI JEPANG BERLANJUT.... Silent Hill f GAMEPLAY #2,pls tamat inpenasaran bgt gila,"['pls', 'tamat', 'inpenasaran', 'bgt', 'gila']",2025-09-25 11:45:45+07:00,2025,9,25,11
BKl1qELq_BU,KISAH MISTERIUS KOTA BERKABUT DI JEPANG BERLANJUT.... Silent Hill f GAMEPLAY #2,w,['w'],2025-09-25 11:44:34+07:00,2025,9,25,11
BKl1qELq_BU,KISAH MISTERIUS KOTA BERKABUT DI JEPANG BERLANJUT.... Silent Hill f GAMEPLAY #2,izin ngeclip video bang windah,"['izin', 'ngeclip', 'video', 'bang', 'windah']",2025-09-25 11:44:30+07:00,2025,9,25,11
BKl1qELq_BU,KISAH MISTERIUS KOTA BERKABUT DI JEPANG BERLANJUT.... Silent Hill f GAMEPLAY #2,pause ukrn c sbnrny pntng cmn chy bjny tmbus dtik prtm,"['pause', 'ukrn', 'c', 'sbnrny', 'pntng', 'cmn', 'chy', 'bjny', 'tmbus', 'dtik', 'prtm']",2025-09-25 11:38:14+07:00,2025,9,25,11
BKl1qELq_BU,KISAH MISTERIUS KOTA BERKABUT DI JEPANG BERLANJUT.... Silent Hill f GAMEPLAY #2,ngomong apa sih cik,"['ngomong', 'apa', 'sih', 'cik']",2025-09-25 11:48:15+07:00,2025,9,25,11
BKl1qELq_BU,KISAH MISTERIUS KOTA BERKABUT DI JEPANG BERLANJUT.... Silent Hill f GAMEPLAY #2,seru banget bang,"['seru', 'banget', 'bang']",2025-09-25 11:37:52+07:00,2025,9,25,11
BKl1qELq_BU,KISAH MISTERIUS KOTA BERKABUT DI JEPANG BERLANJUT.... Silent Hill f GAMEPLAY #2,film game,"['film', 'game']",2025-09-25 11:35:28+07:00,2025,9,25,11
BKl1qELq_BU,KISAH MISTERIUS KOTA BERKABUT DI JEPANG BERLANJUT.... Silent Hill f GAMEPLAY #2,mntap,['mntap'],2025-09-25 11:34:01+07:00,2025,9,25,11
BKl1qELq_BU,KISAH MISTERIUS KOTA BERKABUT DI JEPANG BERLANJUT.... Silent Hill f GAMEPLAY #2,lanjut bang,"['lanjut', 'bang']",2025-09-25 11:31:46+07:00,2025,9,25,11
BKl1qELq_BU,KISAH MISTERIUS KOTA BERKABUT DI JEPANG BERLANJUT.... Silent Hill f GAMEPLAY #2,tegang masih sempet main bang windah jir tbtb bgt kim no nawa,"['tegang', 'masih', 'sempet', 'main', 'bang', 'windah', 'jir', 'tbtb', 'bgt', 'kim', 'no', 'nawa']",2025-09-25 11:28:39+07:00,2025,9,25,11
BKl1qELq_BU,KISAH MISTERIUS KOTA BERKABUT DI JEPANG BERLANJUT.... Silent Hill f GAMEPLAY #2,mirip resident evil,"['mirip', 'resident', 'evil']",2025-09-25 11:27:45+07:00,2025,9,25,11
BKl1qELq_BU,KISAH MISTERIUS KOTA BERKABUT DI JEPANG BERLANJUT.... Silent Hill f GAMEPLAY #2,kau gua jadi hinako udah gua gampargamparin cewe model rinso bang,"['kau', 'gua', 'jadi', 'hinako', 'udah', 'gua', 'gampargamparin', 'cewe', 'model', 'rinso', 'bang']",2025-09-25 11:26:32+07:00,2025,9,25,11
BKl1qELq_BU,KISAH MISTERIUS KOTA BERKABUT DI JEPANG BERLANJUT.... Silent Hill f GAMEPLAY #2,bocil kena omel kali bocil asbun bocil spoiler bocil pilih kasih bocil ngeyel bocil liat google bocil minta maaf bocil caper bocil mau tonjol bocil mau bantu jadi pahlawan bocil ikutikutan,"['bocil', 'kena', 'omel', 'kali', 'bocil', 'asbun', 'bocil', 'spoiler', 'bocil', 'pilih', 'kasih', 'bocil', 'ngeyel', 'bocil', 'liat', 'google', 'bocil', 'minta', 'maaf', 'bocil', 'caper', 'bocil', 'mau', 'tonjol', 'bocil', 'mau', 'bantu', 'jadi', 'pahlawan', 'bocil', 'ikutikutan']",2025-09-25 11:25:29+07:00,2025,9,25,11
BKl1qELq_BU,KISAH MISTERIUS KOTA BERKABUT DI JEPANG BERLANJUT.... Silent Hill f GAMEPLAY #2,creepy as heck,"['creepy', 'as', 'heck']",2025-09-25 11:21:23+07:00,2025,9,25,11
BKl1qELq_BU,KISAH MISTERIUS KOTA BERKABUT DI JEPANG BERLANJUT.... Silent Hill f GAMEPLAY #2,rambut pendek tomboy tua banget,"['rambut', 'pendek', 'tomboy', 'tua', 'banget']",2025-09-25 11:18:53+07:00,2025,9,25,11
BKl1qELq_BU,KISAH MISTERIUS KOTA BERKABUT DI JEPANG BERLANJUT.... Silent Hill f GAMEPLAY #2,keren bg windah,"['keren', 'bg', 'windah']",2025-09-25 11:12:40+07:00,2025,9,25,11
BKl1qELq_BU,KISAH MISTERIUS KOTA BERKABUT DI JEPANG BERLANJUT.... Silent Hill f GAMEPLAY #2,hinako tuh sebut buat setan sih apa nama,"['hinako', 'tuh', 'sebut', 'buat', 'setan', 'sih', 'apa', 'nama']",2025-09-25 11:12:16+07:00,2025,9,25,11
BKl1qELq_BU,KISAH MISTERIUS KOTA BERKABUT DI JEPANG BERLANJUT.... Silent Hill f GAMEPLAY #2,bang jaga sehat yaa,"['bang', 'jaga', 'sehat', 'yaa']",2025-09-25 11:12:11+07:00,2025,9,25,11
BKl1qELq_BU,KISAH MISTERIUS KOTA BERKABUT DI JEPANG BERLANJUT.... Silent Hill f GAMEPLAY #2,welcome back bang windah era game triple a,"['welcome', 'back', 'bang', 'windah', 'era', 'game', 'triple', 'a']",2025-09-25 11:07:56+07:00,2025,9,25,11
BKl1qELq_BU,KISAH MISTERIUS KOTA BERKABUT DI JEPANG BERLANJUT.... Silent Hill f GAMEPLAY #2,game triple e basudara gg bg gas aj bg day in light,"['game', 'triple', 'e', 'basudara', 'gg', 'bg', 'gas', 'aj', 'bg', 'day', 'in', 'light']",2025-09-25 11:06:05+07:00,2025,9,25,11
BKl1qELq_BU,KISAH MISTERIUS KOTA BERKABUT DI JEPANG BERLANJUT.... Silent Hill f GAMEPLAY #2,anjay bang windah ak kaget grgr km teriak,"['anjay', 'bang', 'windah', 'ak', 'kaget', 'grgr', 'km', 'teriak']",2025-09-25 11:05:57+07:00,2025,9,25,11
BKl1qELq_BU,KISAH MISTERIUS KOTA BERKABUT DI JEPANG BERLANJUT.... Silent Hill f GAMEPLAY #2,fesnuk,['fesnuk'],2025-09-25 11:02:32+07:00,2025,9,25,11
BKl1qELq_BU,KISAH MISTERIUS KOTA BERKABUT DI JEPANG BERLANJUT.... Silent Hill f GAMEPLAY #2,aku baru kelar yng jm lanjut gas jam,"['aku', 'baru', 'kelar', 'yng', 'jm', 'lanjut', 'gas', 'jam']",2025-09-25 11:00:34+07:00,2025,9,25,11
BKl1qELq_BU,KISAH MISTERIUS KOTA BERKABUT DI JEPANG BERLANJUT.... Silent Hill f GAMEPLAY #2,bang baca komen gua lu kalo streaming jangan roblox mulu gua lu balik jadi streaming game bebas nga cuma satu game mulu plis bang baca komen gua,"['bang', 'baca', 'komen', 'gua', 'lu', 'kalo', 'streaming', 'jangan', 'roblox', 'mulu', 'gua', 'lu', 'balik', 'jadi', 'streaming', 'game', 'bebas', 'nga', 'cuma', 'satu', 'game', 'mulu', 'plis', 'bang', 'baca', 'komen', 'gua']",2025-09-25 10:57:50+07:00,2025,9,25,10
BKl1qELq_BU,KISAH MISTERIUS KOTA BERKABUT DI JEPANG BERLANJUT.... Silent Hill f GAMEPLAY #2,bacot,['bacot'],2025-09-25 13:46:12+07:00,2025,9,25,13
BKl1qELq_BU,KISAH MISTERIUS KOTA BERKABUT DI JEPANG BERLANJUT.... Silent Hill f GAMEPLAY #2,aku sayang hinakoo by the way windah ngaku musang,"['aku', 'sayang', 'hinakoo', 'by', 'the', 'way', 'windah', 'ngaku', 'musang']",2025-09-25 10:49:43+07:00,2025,9,25,10
BKl1qELq_BU,KISAH MISTERIUS KOTA BERKABUT DI JEPANG BERLANJUT.... Silent Hill f GAMEPLAY #2,game logic ngapain baca chat antem,"['game', 'logic', 'ngapain', 'baca', 'chat', 'antem']",2025-09-25 10:49:01+07:00,2025,9,25,10
BKl1qELq_BU,KISAH MISTERIUS KOTA BERKABUT DI JEPANG BERLANJUT.... Silent Hill f GAMEPLAY #2,f fufufafa bang,"['f', 'fufufafa', 'bang']",2025-09-25 10:45:27+07:00,2025,9,25,10
BKl1qELq_BU,KISAH MISTERIUS KOTA BERKABUT DI JEPANG BERLANJUT.... Silent Hill f GAMEPLAY #2,lorong sekolah apa bocil mati kali nyebelin banget,"['lorong', 'sekolah', 'apa', 'bocil', 'mati', 'kali', 'nyebelin', 'banget']",2025-09-25 10:44:54+07:00,2025,9,25,10
BKl1qELq_BU,KISAH MISTERIUS KOTA BERKABUT DI JEPANG BERLANJUT.... Silent Hill f GAMEPLAY #2,bang kapan kapan main im not a human bang udah full rilis,"['bang', 'kapan', 'kapan', 'main', 'im', 'not', 'a', 'human', 'bang', 'udah', 'full', 'rilis']",2025-09-25 10:43:48+07:00,2025,9,25,10
